Workbook

Sheet Resumen Ejecutivo
A1: LAE HOMES · SEGUIMIENTO TRIMESTRAL 2026
A2: Red consolidada · 10 oficinas operativas · Honorarios en euros
A4: OFICINA | B4: OBJ. ANUAL | C4: OBJ. 1T | D4: OBJ. 2T | E4: OBJ. 3T | F4: OBJ. 4T | G4: AAFF obj.
A5: Alicante | B5: 250000 | C5: 35000 | D5: 55000 | E5: 75000 | F5: 85000 | G5: 12
A6: Barcelona | B6: 250000 | C6: 50000 | D6: 50000 | E6: 60000 | F6: 90000 | G6: 8
A7: Castellón | B7: 125000 | C7: 18000 | D7: 35000 | E7: 27000 | F7: 45000 | G7: 6
A8: Jaén | B8: 134000 | C8: 22000 | D8: 32000 | E8: 35000 | F8: 45000 | G8: 6
A9: Madrid | B9: 300000 | C9: 75000 | D9: 70000 | E9: 70000 | F9: 85000 | G9: 10
A10: Málaga | B10: 250000 | C10: 35000 | D10: 80000 | E10: 60000 | F10: 75000 | G10: 15
A11: Marbella | B11: 375000 | C11: 85000 | D11: 90000 | E11: 90000 | F11: 110000 | G11: 8
A12: San Sebastián | B12: 375000 | C12: 80000 | D12: 110000 | E12: 75000 | F12: 110000 | G12: 6
A13: Sevilla | B13: 120000 | C13: 15000 | D13: 35000 | E13: 30000 | F13: 40000 | G13: 7
A14: Valencia | B14: 250000 | C14: 40000 | D14: 60000 | E14: 70000 | F14: 80000 | G14: 16
A15: TOTAL RED | B15: =SUM(B5:B14) -> 2429000 | C15: =SUM(C5:C14) -> 455000 | D15: =SUM(D5:D14) -> 617000 | E15: =SUM(E5:E14) -> 592000 | F15: =SUM(F5:F14) -> 765000 | G15: =SUM(G5:G14) -> 94
A17: * Los objetivos trimestrales provienen de los Planes de Oficina 2026. Introduce los datos reales en las hojas trimestrales.

Sheet 1T
A1: LAE HOMES · 1T (Ene-Mar) 2026 · SEGUIMIENTO DE OBJETIVOS
A2: Introduce los datos reales del 1T (Ene-Mar). Los campos en azul son editables. % cumplimiento se calcula automáticamente.
C3: ▼ DATOS A INTRODUCIR
A4: OFICINA | B4: OBJ. 1T (€) | C4: HON. COBRADOS (€) | D4: HON. GENERADOS (€) | E4: CAPTACIONES | F4: CIERRES | G4: AAFF ACTIVOS | H4: % CUMPLIMIENTO | I4: SEMÁFORO
A5: Alicante | B5: 35000 | C5: 71572 | D5: 43654.24 | E5: 24 | F5: 14 | G5: 4 | H5: =IF(C5="","",C5/B5) -> 2.0449143 | I5: =IF(C5="","Sin datos",IF(H5>=0.9,"✔ En objetivo",IF(H5>=0.6,"▲ En seguimiento","✖ Por debajo"))) -> ✔ En objetivo
A6: Barcelona | B6: 50000 | C6: 11790 | D6: 1340 | E6: 11 | F6: 3 | G6: 0 | H6: =IF(C6="","",C6/B6) -> 0.2358 | I6: =IF(C6="","Sin datos",IF(H6>=0.9,"✔ En objetivo",IF(H6>=0.6,"▲ En seguimiento","✖ Por debajo"))) -> ✖ Por debajo
A7: Castellón | B7: 18000 | C7: 21081.8 | D7: 34145 | E7: 17 | F7: 8 | G7: 0 | H7: =IF(C7="","",C7/B7) -> 1.1712111 | I7: =IF(C7="","Sin datos",IF(H7>=0.9,"✔ En objetivo",IF(H7>=0.6,"▲ En seguimiento","✖ Por debajo"))) -> ✔ En objetivo
A8: Jaén | B8: 22000 | C8: 6600 | D8: 34600 | E8: 6 | F8: 1 | G8: 1 | H8: =IF(C8="","",C8/B8) -> 0.3 | I8: =IF(C8="","Sin datos",IF(H8>=0.9,"✔ En objetivo",IF(H8>=0.6,"▲ En seguimiento","✖ Por debajo"))) -> ✖ Por debajo
A9: Madrid | B9: 75000 | C9: 107885 | D9: 51221 | E9: 1 | F9: 2 | G9: 3 | H9: =IF(C9="","",C9/B9) -> 1.4384667 | I9: =IF(C9="","Sin datos",IF(H9>=0.9,"✔ En objetivo",IF(H9>=0.6,"▲ En seguimiento","✖ Por debajo"))) -> ✔ En objetivo
A10: Málaga | B10: 35000 | C10: 17085 | D10: 18950 | E10: 11 | F10: 4 | G10: 5 | H10: =IF(C10="","",C10/B10) -> 0.48814286 | I10: =IF(C10="","Sin datos",IF(H10>=0.9,"✔ En objetivo",IF(H10>=0.6,"▲ En seguimiento","✖ Por debajo"))) -> ✖ Por debajo
A11: Marbella | B11: 85000 | C11: 74900 | D11: 77060 | E11: 14 | F11: 6 | G11: 2 | H11: =IF(C11="","",C11/B11) -> 0.88117647 | I11: =IF(C11="","Sin datos",IF(H11>=0.9,"✔ En objetivo",IF(H11>=0.6,"▲ En seguimiento","✖ Por debajo"))) -> ▲ En seguimiento
A12: San Sebastián | B12: 80000 | C12: 31030.17 | D12: 140740 | E12: 17 | F12: 48 | G12: 0 | H12: =IF(C12="","",C12/B12) -> 0.38787712 | I12: =IF(C12="","Sin datos",IF(H12>=0.9,"✔ En objetivo",IF(H12>=0.6,"▲ En seguimiento","✖ Por debajo"))) -> ✖ Por debajo
A13: Sevilla | B13: 15000 | C13: 3280 | D13: 15080 | E13: 7 | F13: 2 | G13: 2 | H13: =IF(C13="","",C13/B13) -> 0.21866667 | I13: =IF(C13="","Sin datos",IF(H13>=0.9,"✔ En objetivo",IF(H13>=0.6,"▲ En seguimiento","✖ Por debajo"))) -> ✖ Por debajo
A14: Valencia | B14: 40000 | C14: 11730 | D14: 75650 | E14: 6 | F14: 2 | G14: 7 | H14: =IF(C14="","",C14/B14) -> 0.29325 | I14: =IF(C14="","Sin datos",IF(H14>=0.9,"✔ En objetivo",IF(H14>=0.6,"▲ En seguimiento","✖ Por debajo"))) -> ✖ Por debajo
A15: TOTAL RED | B15: =SUM(B5:B14) -> 455000 | C15: =SUM(C5:C14) -> 356953.97 | D15: =SUM(D5:D14) -> 492440.24 | E15: =SUM(E5:E14) -> 114 | F15: =SUM(F5:F14) -> 90 | G15: =SUM(G5:G14) -> 24 | H15: =IF(C15="","",C15/B15) -> 0.78451422
A17: Leyenda: Fondo azul = dato a introducir | ✔ ≥90% objetivo | ▲ 60-89% | ✖ <60% | Fórmulas en negro se calculan solas.

Sheet 2T
A1: LAE HOMES · 2T (Abr-Jun) 2026 · SEGUIMIENTO DE OBJETIVOS
A2: Introduce los datos reales del 2T (Abr-Jun). Los campos en azul son editables. % cumplimiento se calcula automáticamente.
C3: ▼ DATOS A INTRODUCIR
A4: OFICINA | B4: OBJ. 2T (€) | C4: HON. COBRADOS (€) | D4: HON. GENERADOS (€) | E4: CAPTACIONES | F4: CIERRES | G4: AAFF ACTIVOS | H4: % CUMPLIMIENTO | I4: SEMÁFORO
A5: Alicante | B5: 55000 | C5: 15300 | D5: 7200 | E5: 8 | F5: 1 | G5: 6 | H5: =IF(C5="","",C5/B5) -> 0.27818182 | I5: =IF(C5="","Sin datos",IF(H5>=0.9,"✔ En objetivo",IF(H5>=0.6,"▲ En seguimiento","✖ Por debajo"))) -> ✖ Por debajo
A6: Barcelona | B6: 50000 | C6: 1400 | D6: 226260 | E6: 4 | F6: 1 | G6: 0 | H6: =IF(C6="","",C6/B6) -> 0.028 | I6: =IF(C6="","Sin datos",IF(H6>=0.9,"✔ En objetivo",IF(H6>=0.6,"▲ En seguimiento","✖ Por debajo"))) -> ✖ Por debajo
A7: Castellón | B7: 35000 | C7: 21050 | D7: 600 | E7: 2 | F7: 3 | G7: 1 | H7: =IF(C7="","",C7/B7) -> 0.60142857 | I7: =IF(C7="","Sin datos",IF(H7>=0.9,"✔ En objetivo",IF(H7>=0.6,"▲ En seguimiento","✖ Por debajo"))) -> ▲ En seguimiento
A8: Jaén | B8: 32000 | C8: 0 | D8: 0 | E8: 1 | F8: 0 | G8: 3 | H8: =IF(C8="","",C8/B8) -> 0 | I8: =IF(C8="","Sin datos",IF(H8>=0.9,"✔ En objetivo",IF(H8>=0.6,"▲ En seguimiento","✖ Por debajo"))) -> ✖ Por debajo
A9: Madrid | B9: 70000 | C9: 0 | D9: 0 | E9: 0 | F9: 0 | G9: 5 | H9: =IF(C9="","",C9/B9) -> 0 | I9: =IF(C9="","Sin datos",IF(H9>=0.9,"✔ En objetivo",IF(H9>=0.6,"▲ En seguimiento","✖ Por debajo"))) -> ✖ Por debajo
A10: Málaga | B10: 80000 | C10: 2300 | D10: 2300 | E10: 4 | F10: 1 | G10: 6 | H10: =IF(C10="","",C10/B10) -> 0.02875 | I10: =IF(C10="","Sin datos",IF(H10>=0.9,"✔ En objetivo",IF(H10>=0.6,"▲ En seguimiento","✖ Por debajo"))) -> ✖ Por debajo
A11: Marbella | B11: 90000 | C11: 0 | D11: 0 | E11: 1 | F11: 0 | G11: 5 | H11: =IF(C11="","",C11/B11) -> 0 | I11: =IF(C11="","Sin datos",IF(H11>=0.9,"✔ En objetivo",IF(H11>=0.6,"▲ En seguimiento","✖ Por debajo"))) -> ✖ Por debajo
A12: San Sebastián | B12: 110000 | C12: 38475 | D12: 3105 | E12: 3 | F12: 5 | G12: 0 | H12: =IF(C12="","",C12/B12) -> 0.34977273 | I12: =IF(C12="","Sin datos",IF(H12>=0.9,"✔ En objetivo",IF(H12>=0.6,"▲ En seguimiento","✖ Por debajo"))) -> ✖ Por debajo
A13: Sevilla | B13: 35000 | C13: 0 | D13: 0 | E13: 1 | F13: 0 | G13: 4 | H13: =IF(C13="","",C13/B13) -> 0 | I13: =IF(C13="","Sin datos",IF(H13>=0.9,"✔ En objetivo",IF(H13>=0.6,"▲ En seguimiento","✖ Por debajo"))) -> ✖ Por debajo
A14: Valencia | B14: 60000 | C14: 2650 | D14: 2650 | E14: 1 | F14: 2 | G14: 9 | H14: =IF(C14="","",C14/B14) -> 0.044166667 | I14: =IF(C14="","Sin datos",IF(H14>=0.9,"✔ En objetivo",IF(H14>=0.6,"▲ En seguimiento","✖ Por debajo"))) -> ✖ Por debajo
A15: TOTAL RED | B15: =SUM(B5:B14) -> 617000 | C15: =SUM(C5:C14) -> 81175 | D15: =SUM(D5:D14) -> 242115 | E15: =SUM(E5:E14) -> 25 | F15: =SUM(F5:F14) -> 13 | G15: =SUM(G5:G14) -> 39 | H15: =IF(C15="","",C15/B15) -> 0.13156402
A17: Leyenda: Fondo azul = dato a introducir | ✔ ≥90% objetivo | ▲ 60-89% | ✖ <60% | Fórmulas en negro se calculan solas.

Sheet 3T
A1: LAE HOMES · 3T (Jul-Sep) 2026 · SEGUIMIENTO DE OBJETIVOS
A2: Introduce los datos reales del 3T (Jul-Sep). Los campos en azul son editables. % cumplimiento se calcula automáticamente.
C3: ▼ DATOS A INTRODUCIR
A4: OFICINA | B4: OBJ. 3T (€) | C4: HON. COBRADOS (€) | D4: HON. GENERADOS (€) | E4: CAPTACIONES | F4: CIERRES | G4: AAFF ACTIVOS | H4: % CUMPLIMIENTO | I4: SEMÁFORO
A5: Alicante | B5: 75000 | H5: =IF(C5="","",C5/B5) | I5: =IF(C5="","Sin datos",IF(H5>=0.9,"✔ En objetivo",IF(H5>=0.6,"▲ En seguimiento","✖ Por debajo"))) -> Sin datos
A6: Barcelona | B6: 60000 | H6: =IF(C6="","",C6/B6) | I6: =IF(C6="","Sin datos",IF(H6>=0.9,"✔ En objetivo",IF(H6>=0.6,"▲ En seguimiento","✖ Por debajo"))) -> Sin datos
A7: Castellón | B7: 27000 | H7: =IF(C7="","",C7/B7) | I7: =IF(C7="","Sin datos",IF(H7>=0.9,"✔ En objetivo",IF(H7>=0.6,"▲ En seguimiento","✖ Por debajo"))) -> Sin datos
A8: Jaén | B8: 35000 | H8: =IF(C8="","",C8/B8) | I8: =IF(C8="","Sin datos",IF(H8>=0.9,"✔ En objetivo",IF(H8>=0.6,"▲ En seguimiento","✖ Por debajo"))) -> Sin datos
A9: Madrid | B9: 70000 | H9: =IF(C9="","",C9/B9) | I9: =IF(C9="","Sin datos",IF(H9>=0.9,"✔ En objetivo",IF(H9>=0.6,"▲ En seguimiento","✖ Por debajo"))) -> Sin datos
A10: Málaga | B10: 60000 | H10: =IF(C10="","",C10/B10) | I10: =IF(C10="","Sin datos",IF(H10>=0.9,"✔ En objetivo",IF(H10>=0.6,"▲ En seguimiento","✖ Por debajo"))) -> Sin datos
A11: Marbella | B11: 90000 | H11: =IF(C11="","",C11/B11) | I11: =IF(C11="","Sin datos",IF(H11>=0.9,"✔ En objetivo",IF(H11>=0.6,"▲ En seguimiento","✖ Por debajo"))) -> Sin datos
A12: San Sebastián | B12: 75000 | H12: =IF(C12="","",C12/B12) | I12: =IF(C12="","Sin datos",IF(H12>=0.9,"✔ En objetivo",IF(H12>=0.6,"▲ En seguimiento","✖ Por debajo"))) -> Sin datos
A13: Sevilla | B13: 30000 | H13: =IF(C13="","",C13/B13) | I13: =IF(C13="","Sin datos",IF(H13>=0.9,"✔ En objetivo",IF(H13>=0.6,"▲ En seguimiento","✖ Por debajo"))) -> Sin datos
A14: Valencia | B14: 70000 | H14: =IF(C14="","",C14/B14) | I14: =IF(C14="","Sin datos",IF(H14>=0.9,"✔ En objetivo",IF(H14>=0.6,"▲ En seguimiento","✖ Por debajo"))) -> Sin datos
A15: TOTAL RED | B15: =SUM(B5:B14) -> 592000 | C15: =SUM(C5:C14) -> 0 | D15: =SUM(D5:D14) -> 0 | E15: =SUM(E5:E14) -> 0 | F15: =SUM(F5:F14) -> 0 | G15: =SUM(G5:G14) -> 0 | H15: =IF(C15="","",C15/B15) -> 0
A17: Leyenda: Fondo azul = dato a introducir | ✔ ≥90% objetivo | ▲ 60-89% | ✖ <60% | Fórmulas en negro se calculan solas.

Sheet 4T
A1: LAE HOMES · 4T (Oct-Dic) 2026 · SEGUIMIENTO DE OBJETIVOS
A2: Introduce los datos reales del 4T (Oct-Dic). Los campos en azul son editables. % cumplimiento se calcula automáticamente.
C3: ▼ DATOS A INTRODUCIR
A4: OFICINA | B4: OBJ. 4T (€) | C4: HON. COBRADOS (€) | D4: HON. GENERADOS (€) | E4: CAPTACIONES | F4: CIERRES | G4: AAFF ACTIVOS | H4: % CUMPLIMIENTO | I4: SEMÁFORO
A5: Alicante | B5: 85000 | H5: =IF(C5="","",C5/B5) | I5: =IF(C5="","Sin datos",IF(H5>=0.9,"✔ En objetivo",IF(H5>=0.6,"▲ En seguimiento","✖ Por debajo"))) -> Sin datos
A6: Barcelona | B6: 90000 | H6: =IF(C6="","",C6/B6) | I6: =IF(C6="","Sin datos",IF(H6>=0.9,"✔ En objetivo",IF(H6>=0.6,"▲ En seguimiento","✖ Por debajo"))) -> Sin datos
A7: Castellón | B7: 45000 | H7: =IF(C7="","",C7/B7) | I7: =IF(C7="","Sin datos",IF(H7>=0.9,"✔ En objetivo",IF(H7>=0.6,"▲ En seguimiento","✖ Por debajo"))) -> Sin datos
A8: Jaén | B8: 45000 | H8: =IF(C8="","",C8/B8) | I8: =IF(C8="","Sin datos",IF(H8>=0.9,"✔ En objetivo",IF(H8>=0.6,"▲ En seguimiento","✖ Por debajo"))) -> Sin datos
A9: Madrid | B9: 85000 | H9: =IF(C9="","",C9/B9) | I9: =IF(C9="","Sin datos",IF(H9>=0.9,"✔ En objetivo",IF(H9>=0.6,"▲ En seguimiento","✖ Por debajo"))) -> Sin datos
A10: Málaga | B10: 75000 | H10: =IF(C10="","",C10/B10) | I10: =IF(C10="","Sin datos",IF(H10>=0.9,"✔ En objetivo",IF(H10>=0.6,"▲ En seguimiento","✖ Por debajo"))) -> Sin datos
A11: Marbella | B11: 110000 | H11: =IF(C11="","",C11/B11) | I11: =IF(C11="","Sin datos",IF(H11>=0.9,"✔ En objetivo",IF(H11>=0.6,"▲ En seguimiento","✖ Por debajo"))) -> Sin datos
A12: San Sebastián | B12: 110000 | H12: =IF(C12="","",C12/B12) | I12: =IF(C12="","Sin datos",IF(H12>=0.9,"✔ En objetivo",IF(H12>=0.6,"▲ En seguimiento","✖ Por debajo"))) -> Sin datos
A13: Sevilla | B13: 40000 | H13: =IF(C13="","",C13/B13) | I13: =IF(C13="","Sin datos",IF(H13>=0.9,"✔ En objetivo",IF(H13>=0.6,"▲ En seguimiento","✖ Por debajo"))) -> Sin datos
A14: Valencia | B14: 80000 | H14: =IF(C14="","",C14/B14) | I14: =IF(C14="","Sin datos",IF(H14>=0.9,"✔ En objetivo",IF(H14>=0.6,"▲ En seguimiento","✖ Por debajo"))) -> Sin datos
A15: TOTAL RED | B15: =SUM(B5:B14) -> 765000 | C15: =SUM(C5:C14) -> 0 | D15: =SUM(D5:D14) -> 0 | E15: =SUM(E5:E14) -> 0 | F15: =SUM(F5:F14) -> 0 | G15: =SUM(G5:G14) -> 0 | H15: =IF(C15="","",C15/B15) -> 0
A17: Leyenda: Fondo azul = dato a introducir | ✔ ≥90% objetivo | ▲ 60-89% | ✖ <60% | Fórmulas en negro se calculan solas.

Sheet Canal AAFF
A1: LAE HOMES · CANAL AAFF 2026 · SEGUIMIENTO DE DESPACHOS ACTIVOS
A2: Introduce el número de despachos AAFF activos al cierre de cada trimestre. Objetivo de red: 94 despachos.
A4: OFICINA | B4: OBJ. AAFF | C4: 1T - ACTIVOS | D4: 2T - ACTIVOS | E4: 3T - ACTIVOS | F4: 4T - ACTIVOS | G4: % ALCANCE 4T | H4: ESTADO | I4: ESTADO ACTUAL | J4: % AAFF ACTIVOS
A5: Alicante | B5: 12 | C5: 4 | D5: 6 | G5: =IF(F5="","",F5/B5) | H5: =IF(F5="","Sin datos",IF(F5>=B5,"✔ Objetivo alcanzado",IF(F5>=B5*0.6,"▲ En progreso","✖ Por debajo"))) -> Sin datos | I5: =IF(C5="","Sin datos",IF(C5>=B5,"✔ Objetivo alcanzado",IF(C5>=B5*0.6,"▲ En progreso","✖ Por debajo"))) -> ✖ Por debajo | J5: =D5/B5 -> 0.5
A6: Barcelona | B6: 8 | C6: 0 | D6: 0 | G6: =IF(F6="","",F6/B6) | H6: =IF(F6="","Sin datos",IF(F6>=B6,"✔ Objetivo alcanzado",IF(F6>=B6*0.6,"▲ En progreso","✖ Por debajo"))) -> Sin datos | I6: =IF(C6="","Sin datos",IF(C6>=B6,"✔ Objetivo alcanzado",IF(C6>=B6*0.6,"▲ En progreso","✖ Por debajo"))) -> ✖ Por debajo | J6: =D6/B6 -> 0
A7: Castellón | B7: 6 | C7: 0 | D7: 1 | G7: =IF(F7="","",F7/B7) | H7: =IF(F7="","Sin datos",IF(F7>=B7,"✔ Objetivo alcanzado",IF(F7>=B7*0.6,"▲ En progreso","✖ Por debajo"))) -> Sin datos | I7: =IF(C7="","Sin datos",IF(C7>=B7,"✔ Objetivo alcanzado",IF(C7>=B7*0.6,"▲ En progreso","✖ Por debajo"))) -> ✖ Por debajo | J7: =D7/B7 -> 0.16666667
A8: Jaén | B8: 6 | C8: 1 | D8: 3 | G8: =IF(F8="","",F8/B8) | H8: =IF(F8="","Sin datos",IF(F8>=B8,"✔ Objetivo alcanzado",IF(F8>=B8*0.6,"▲ En progreso","✖ Por debajo"))) -> Sin datos | I8: =IF(C8="","Sin datos",IF(C8>=B8,"✔ Objetivo alcanzado",IF(C8>=B8*0.6,"▲ En progreso","✖ Por debajo"))) -> ✖ Por debajo | J8: =D8/B8 -> 0.5
A9: Madrid | B9: 10 | C9: 3 | D9: 5 | G9: =IF(F9="","",F9/B9) | H9: =IF(F9="","Sin datos",IF(F9>=B9,"✔ Objetivo alcanzado",IF(F9>=B9*0.6,"▲ En progreso","✖ Por debajo"))) -> Sin datos | I9: =IF(C9="","Sin datos",IF(C9>=B9,"✔ Objetivo alcanzado",IF(C9>=B9*0.6,"▲ En progreso","✖ Por debajo"))) -> ✖ Por debajo | J9: =D9/B9 -> 0.5
A10: Málaga | B10: 15 | C10: 5 | D10: 6 | G10: =IF(F10="","",F10/B10) | H10: =IF(F10="","Sin datos",IF(F10>=B10,"✔ Objetivo alcanzado",IF(F10>=B10*0.6,"▲ En progreso","✖ Por debajo"))) -> Sin datos | I10: =IF(C10="","Sin datos",IF(C10>=B10,"✔ Objetivo alcanzado",IF(C10>=B10*0.6,"▲ En progreso","✖ Por debajo"))) -> ✖ Por debajo | J10: =D10/B10 -> 0.4
A11: Marbella | B11: 8 | C11: 2 | D11: 5 | G11: =IF(F11="","",F11/B11) | H11: =IF(F11="","Sin datos",IF(F11>=B11,"✔ Objetivo alcanzado",IF(F11>=B11*0.6,"▲ En progreso","✖ Por debajo"))) -> Sin datos | I11: =IF(C11="","Sin datos",IF(C11>=B11,"✔ Objetivo alcanzado",IF(C11>=B11*0.6,"▲ En progreso","✖ Por debajo"))) -> ✖ Por debajo | J11: =D11/B11 -> 0.625
A12: San Sebastián | B12: 6 | C12: 0 | D12: 0 | G12: =IF(F12="","",F12/B12) | H12: =IF(F12="","Sin datos",IF(F12>=B12,"✔ Objetivo alcanzado",IF(F12>=B12*0.6,"▲ En progreso","✖ Por debajo"))) -> Sin datos | I12: =IF(C12="","Sin datos",IF(C12>=B12,"✔ Objetivo alcanzado",IF(C12>=B12*0.6,"▲ En progreso","✖ Por debajo"))) -> ✖ Por debajo | J12: =D12/B12 -> 0
A13: Sevilla | B13: 7 | C13: 2 | D13: 4 | G13: =IF(F13="","",F13/B13) | H13: =IF(F13="","Sin datos",IF(F13>=B13,"✔ Objetivo alcanzado",IF(F13>=B13*0.6,"▲ En progreso","✖ Por debajo"))) -> Sin datos | I13: =IF(C13="","Sin datos",IF(C13>=B13,"✔ Objetivo alcanzado",IF(C13>=B13*0.6,"▲ En progreso","✖ Por debajo"))) -> ✖ Por debajo | J13: =D13/B13 -> 0.57142857
A14: Valencia | B14: 16 | C14: 7 | D14: 9 | G14: =IF(F14="","",F14/B14) | H14: =IF(F14="","Sin datos",IF(F14>=B14,"✔ Objetivo alcanzado",IF(F14>=B14*0.6,"▲ En progreso","✖ Por debajo"))) -> Sin datos | I14: =IF(C14="","Sin datos",IF(C14>=B14,"✔ Objetivo alcanzado",IF(C14>=B14*0.6,"▲ En progreso","✖ Por debajo"))) -> ✖ Por debajo | J14: =D14/B14 -> 0.5625
A15: TOTAL RED | B15: =SUM(B5:B14) -> 94 | C15: =SUM(C5:C14) -> 24 | D15: =SUM(D5:D14) -> 39 | E15: =SUM(E5:E14) -> 0 | F15: =SUM(F5:F14) -> 0 | G15: =IF(F15="","",F15/B15) -> 0 | J15: =D15/B15 -> 0.41489362

Sheet Consolidado Anual
A1: LAE HOMES · CONSOLIDADO ANUAL 2026
A2: Los datos se toman automáticamente de las hojas trimestrales. Solo debes introducir datos en 1T, 2T, 3T y 4T.
A4: OFICINA | B4: OBJ. ANUAL | C4: COBRADO 1T | D4: COBRADO 2T | E4: COBRADO 3T | F4: COBRADO 4T | G4: TOTAL COBRADO | H4: % CUMPL. ANUAL
A5: Alicante | B5: 250000 | C5: =IF('1T'!C5="",0,'1T'!C5) -> 71572 | D5: =IF('2T'!C5="",0,'2T'!C5) -> 15300 | E5: =IF('3T'!C5="",0,'3T'!C5) -> 0 | F5: =IF('4T'!C5="",0,'4T'!C5) -> 0 | G5: =SUM(C5:F5) -> 86872 | H5: =IF(G5=0,"",G5/B5) -> 0.347488
A6: Barcelona | B6: 250000 | C6: =IF('1T'!C6="",0,'1T'!C6) -> 11790 | D6: =IF('2T'!C6="",0,'2T'!C6) -> 1400 | E6: =IF('3T'!C6="",0,'3T'!C6) -> 0 | F6: =IF('4T'!C6="",0,'4T'!C6) -> 0 | G6: =SUM(C6:F6) -> 13190 | H6: =IF(G6=0,"",G6/B6) -> 0.05276
A7: Castellón | B7: 125000 | C7: =IF('1T'!C7="",0,'1T'!C7) -> 21081.8 | D7: =IF('2T'!C7="",0,'2T'!C7) -> 21050 | E7: =IF('3T'!C7="",0,'3T'!C7) -> 0 | F7: =IF('4T'!C7="",0,'4T'!C7) -> 0 | G7: =SUM(C7:F7) -> 42131.8 | H7: =IF(G7=0,"",G7/B7) -> 0.3370544
A8: Jaén | B8: 134000 | C8: =IF('1T'!C8="",0,'1T'!C8) -> 6600 | D8: =IF('2T'!C8="",0,'2T'!C8) -> 0 | E8: =IF('3T'!C8="",0,'3T'!C8) -> 0 | F8: =IF('4T'!C8="",0,'4T'!C8) -> 0 | G8: =SUM(C8:F8) -> 6600 | H8: =IF(G8=0,"",G8/B8) -> 0.049253731
A9: Madrid | B9: 300000 | C9: =IF('1T'!C9="",0,'1T'!C9) -> 107885 | D9: =IF('2T'!C9="",0,'2T'!C9) -> 0 | E9: =IF('3T'!C9="",0,'3T'!C9) -> 0 | F9: =IF('4T'!C9="",0,'4T'!C9) -> 0 | G9: =SUM(C9:F9) -> 107885 | H9: =IF(G9=0,"",G9/B9) -> 0.35961667
A10: Málaga | B10: 250000 | C10: =IF('1T'!C10="",0,'1T'!C10) -> 17085 | D10: =IF('2T'!C10="",0,'2T'!C10) -> 2300 | E10: =IF('3T'!C10="",0,'3T'!C10) -> 0 | F10: =IF('4T'!C10="",0,'4T'!C10) -> 0 | G10: =SUM(C10:F10) -> 19385 | H10: =IF(G10=0,"",G10/B10) -> 0.07754
A11: Marbella | B11: 375000 | C11: =IF('1T'!C11="",0,'1T'!C11) -> 74900 | D11: =IF('2T'!C11="",0,'2T'!C11) -> 0 | E11: =IF('3T'!C11="",0,'3T'!C11) -> 0 | F11: =IF('4T'!C11="",0,'4T'!C11) -> 0 | G11: =SUM(C11:F11) -> 74900 | H11: =IF(G11=0,"",G11/B11) -> 0.19973333
A12: San Sebastián | B12: 375000 | C12: =IF('1T'!C12="",0,'1T'!C12) -> 31030.17 | D12: =IF('2T'!C12="",0,'2T'!C12) -> 38475 | E12: =IF('3T'!C12="",0,'3T'!C12) -> 0 | F12: =IF('4T'!C12="",0,'4T'!C12) -> 0 | G12: =SUM(C12:F12) -> 69505.17 | H12: =IF(G12=0,"",G12/B12) -> 0.18534712
A13: Sevilla | B13: 120000 | C13: =IF('1T'!C13="",0,'1T'!C13) -> 3280 | D13: =IF('2T'!C13="",0,'2T'!C13) -> 0 | E13: =IF('3T'!C13="",0,'3T'!C13) -> 0 | F13: =IF('4T'!C13="",0,'4T'!C13) -> 0 | G13: =SUM(C13:F13) -> 3280 | H13: =IF(G13=0,"",G13/B13) -> 0.027333333
A14: Valencia | B14: 250000 | C14: =IF('1T'!C14="",0,'1T'!C14) -> 11730 | D14: =IF('2T'!C14="",0,'2T'!C14) -> 2650 | E14: =IF('3T'!C14="",0,'3T'!C14) -> 0 | F14: =IF('4T'!C14="",0,'4T'!C14) -> 0 | G14: =SUM(C14:F14) -> 14380 | H14: =IF(G14=0,"",G14/B14) -> 0.05752
A15: TOTAL RED | B15: =SUM(B5:B14) -> 2429000 | C15: =SUM(C5:C14) -> 356953.97 | D15: =SUM(D5:D14) -> 81175 | E15: =SUM(E5:E14) -> 0 | F15: =SUM(F5:F14) -> 0 | G15: =SUM(G5:G14) -> 438128.97 | H15: =IF(G15=0,"",G15/B15) -> 0.18037422
